{"stats":{"minecraft:used":{"minecraft:white_concrete":138,"biomesoplenty:black_sand":13},"minecraft:custom":{"minecraft:jump":233,"minecraft:open_chest":2,"minecraft:time_since_rest":30672,"minecraft:crouch_one_cm":176,"minecraft:leave_game":2,"minecraft:play_time":30672,"minecraft:sprint_one_cm":26137,"minecraft:time_since_death":30672,"minecraft:walk_one_cm":20384,"minecraft:sneak_time":162,"minecraft:total_world_time":30672,"minecraft:walk_under_water_one_cm":1098,"minecraft:fall_one_cm":19766,"minecraft:fly_one_cm":129426}},"DataVersion":3465}