{"stats":{"minecraft:picked_up":{"minecraft:gunpowder":2,"minecraft:wheat_seeds":2},"minecraft:used":{"minecraft:barrier":54,"minecraft:pink_concrete":150,"minecraft:white_concrete":301,"minecraft:pink_wool":9,"biomesoplenty:black_sand":19},"minecraft:custom":{"minecraft:jump":304,"minecraft:open_chest":2,"minecraft:time_since_rest":53492,"minecraft:crouch_one_cm":1380,"minecraft:leave_game":3,"minecraft:play_time":53492,"minecraft:sprint_one_cm":37698,"minecraft:time_since_death":53492,"minecraft:walk_one_cm":43265,"minecraft:sneak_time":773,"minecraft:walk_under_water_one_cm":1098,"minecraft:total_world_time":53492,"minecraft:fall_one_cm":19766,"minecraft:fly_one_cm":207575}},"DataVersion":3465}