{"stats":{"minecraft:used":{"minecraft:barrier":54,"minecraft:pink_concrete":139,"minecraft:white_concrete":161,"biomesoplenty:black_sand":13},"minecraft:custom":{"minecraft:jump":243,"minecraft:open_chest":2,"minecraft:time_since_rest":42672,"minecraft:crouch_one_cm":573,"minecraft:leave_game":2,"minecraft:play_time":42672,"minecraft:sprint_one_cm":27088,"minecraft:time_since_death":42672,"minecraft:walk_one_cm":25189,"minecraft:sneak_time":470,"minecraft:total_world_time":42672,"minecraft:walk_under_water_one_cm":1098,"minecraft:fall_one_cm":19766,"minecraft:fly_one_cm":171631}},"DataVersion":3465}