{"stats":{"minecraft:picked_up":{"minecraft:gunpowder":2,"minecraft:wheat_seeds":2},"minecraft:used":{"minecraft:barrier":54,"minecraft:pink_concrete":151,"minecraft:white_concrete":301,"minecraft:pink_stained_glass_pane":2,"minecraft:pink_wool":9,"biomesoplenty:black_sand":19},"minecraft:custom":{"minecraft:jump":315,"minecraft:open_chest":2,"minecraft:time_since_rest":65492,"minecraft:crouch_one_cm":1978,"minecraft:leave_game":3,"minecraft:play_time":65492,"minecraft:sprint_one_cm":40548,"minecraft:time_since_death":65492,"minecraft:walk_one_cm":45203,"minecraft:sneak_time":937,"minecraft:walk_under_water_one_cm":1098,"minecraft:total_world_time":65492,"minecraft:fall_one_cm":19766,"minecraft:fly_one_cm":210019}},"DataVersion":3465}