{"stats":{"minecraft:custom":{"minecraft:jump":194,"minecraft:open_chest":3,"minecraft:time_since_rest":5416,"minecraft:crouch_one_cm":26,"minecraft:sprint_one_cm":20534,"minecraft:play_time":5416,"minecraft:damage_taken":20,"minecraft:time_since_death":5416,"minecraft:walk_one_cm":2815,"minecraft:sneak_time":111,"minecraft:climb_one_cm":1598,"minecraft:total_world_time":5416,"minecraft:interact_with_crafting_table":1,"minecraft:fall_one_cm":1111,"minecraft:fly_one_cm":156892}},"DataVersion":3465}